positionId,amount,eventTime
1,2.93,1673182128
1,40.12,1673186578
1,36.87,1673185967
2,28.55,1672995666
2,43.58,1672999752
2,77.32,1672992447
2,85.24,1672995972
3,91.4,1672693334
3,47.46,1672691427
4,25.76,1673499960
4,64.39,1673501859
4,8.67,1673495271
5,6.7,1673102871
5,35.83,1673102587
5,60.34,1673102722
6,80.72,1672916915
6,36.14,1672919193
6,15.59,1672919031
7,95.4,1673009532
7,43.83,1673008962
7,86.6,1673015455
8,7.18,1672835390
8,98.13,1672832567
8,80.97,1672830229
8,53.88,1672833215
9,47.01,1673031988
9,48.7,1673029849
9,43.39,1673029164
9,25.22,1673035456
10,29.69,1672707936
10,4.49,1672701110
10,52.91,1672701748
10,25.17,1672708193
11,53.91,1673233975
11,26.75,1673229886
11,71.36,1673231211
11,54.09,1673230511
12,78.44,1672685553
12,54.21,1672690435
12,65.39,1672691087
13,60.86,1673261894
13,75.94,1673255406
13,19.47,1673260508
14,98.87,1673327262
14,9.31,1673326284
14,45.9,1673322695
14,48.26,1673322309
15,74.52,1672908322
15,36.99,1672910221
15,11.27,1672908771
16,5.39,1673128558
16,16.58,1673130006
17,41.23,1673236216
17,89.4,1673234036
17,74.72,1673236452
17,41.56,1673239329
18,35.51,1672939696
18,29.72,1672938803
19,8.71,1672580915
19,29.16,1672586561
19,27.11,1672582866
19,76.18,1672582286
20,21.72,1673306312
20,73.05,1673300259
20,61.21,1673297287
20,56.49,1673298504
21,58.22,1672803394
21,59.18,1672808218
21,82.59,1672808881
22,48.68,1672840941
22,26.51,1672842467
22,45.7,1672842787
23,6.78,1672977841
23,91.01,1672975856
23,21.36,1672976086
24,29.04,1672553890
24,39.42,1672562372
24,36.25,1672556227
24,8.05,1672562224
25,6.6,1673034887
25,97.77,1673032625
25,37.71,1673033138
25,26.03,1673033762
26,14.89,1673235900
26,44.27,1673243563
26,25.92,1673238207
26,18.01,1673240583
27,56.79,1673281712
27,47.55,1673282895
27,94.13,1673279679
28,16.89,1673053131
28,66.65,1673047984
29,76.96,1673472802
29,99.98,1673475900
29,68.28,1673468755
29,63.8,1673471810
30,47.61,1673175128
30,7.2,1673174493
31,16.74,1673058071
31,63.87,1673058700
31,54.61,1673062889
32,24.33,1672561042
32,5.32,1672556048
32,74.87,1672556221
33,10.11,1673502015
33,20.79,1673504506
33,91.46,1673501301
34,48.26,1672952000
34,91.24,1672954807
35,42.62,1672839091
35,72.03,1672846098
36,14.78,1672603234
36,63.22,1672599729
36,99.0,1672607765
37,1.3,1673122050
37,38.92,1673118362
38,90.81,1673127404
38,85.17,1673125071
38,13.36,1673120458
38,87.32,1673125779
39,57.84,1673325332
39,15.33,1673331328
39,29.69,1673328120
39,69.49,1673327432
40,70.76,1673302385
40,99.12,1673293983
41,60.7,1673108489
41,14.6,1673107718
41,61.37,1673107101
41,51.96,1673112780
42,9.28,1672654261
42,66.28,1672658385
42,80.0,1672650388
42,25.76,1672654086
43,28.81,1673503590
43,93.35,1673497415
43,75.58,1673501796
43,62.23,1673498319
44,62.36,1673018678
44,45.04,1673023691
44,23.1,1673027200
45,28.76,1672834307
45,95.48,1672839445
45,71.27,1672837091
46,85.6,1672972110
46,20.63,1672967057
46,82.6,1672975630
47,40.11,1673418158
47,7.9,1673415455
48,85.6,1673499852
48,85.65,1673501013
48,30.87,1673504061
48,31.09,1673496113
49,67.8,1673484882
49,63.86,1673486947
49,64.02,1673486413
50,17.06,1673204380
50,59.3,1673201844
50,30.03,1673198803
50,67.79,1673206987
51,17.82,1673356982
51,13.12,1673348305
51,56.74,1673350926
52,55.22,1673213377
52,53.69,1673213199
52,25.17,1673209543
52,17.01,1673206839
53,3.34,1673217770
53,55.96,1673224275
53,47.55,1673223022
53,74.92,1673218142
54,5.96,1672958093
54,62.55,1672959910
54,51.28,1672956831
55,50.55,1672635063
55,22.7,1672634551
55,77.52,1672638568
56,90.27,1673387645
56,64.09,1673382201
56,71.68,1673391631
57,66.12,1673380035
57,85.07,1673383969
58,7.09,1673418712
58,67.8,1673411348
59,48.13,1672680127
59,91.26,1672676945
59,77.86,1672680520
59,20.69,1672672394
60,91.68,1673144607
60,79.89,1673136563
60,18.49,1673138332
61,53.69,1672779519
61,48.85,1672782651
62,41.79,1673299076
62,45.24,1673304504
62,85.7,1673296617
62,20.78,1673296907
63,14.05,1672963720
63,90.34,1672961831
64,50.97,1673271521
64,46.68,1673268495
64,85.15,1673268155
64,96.62,1673276197
65,68.96,1673233641
65,38.73,1673236847
66,13.4,1673000815
66,59.06,1672994156
67,54.13,1672629073
67,30.05,1672630429
67,88.13,1672628556
67,89.75,1672623719
68,23.64,1673281993
68,81.46,1673286465
68,86.07,1673290442
69,10.52,1673531493
69,48.91,1673531183
69,8.76,1673530575
70,92.38,1672957176
70,16.12,1672950199
70,33.87,1672951894
71,18.48,1673306861
71,10.7,1673311356
71,63.65,1673312548
72,3.96,1672608193
72,50.96,1672612519
72,66.55,1672606739
73,85.22,1672784944
73,79.63,1672790377
73,75.01,1672785072
74,38.66,1672561365
74,41.59,1672563526
75,69.04,1672926765
75,53.81,1672926614
75,9.59,1672928866
76,86.47,1673519209
76,78.16,1673517144
76,66.56,1673517851
77,50.42,1673516759
77,76.34,1673513991
77,52.35,1673514842
77,35.58,1673513594
78,70.12,1672777843
78,2.22,1672782566
79,85.05,1672775844
79,10.47,1672778743
79,11.57,1672776737
80,37.13,1672769430
80,66.86,1672769332
80,12.28,1672776675
81,83.34,1673387661
81,78.0,1673390007
81,52.17,1673385028
82,35.55,1672967238
82,97.4,1672966953
82,23.68,1672966275
83,2.37,1673402178
83,1.23,1673401224
84,32.6,1673091041
84,91.09,1673088942
85,63.89,1673337287
85,32.48,1673333804
85,5.75,1673340618
86,63.59,1673139222
86,52.25,1673148102
86,6.89,1673145056
86,85.62,1673138486
87,9.79,1672989525
87,63.87,1672985617
88,51.53,1672916182
88,98.02,1672917905
88,9.49,1672911882
88,62.38,1672909682
89,21.45,1673104224
89,9.47,1673106199
89,30.89,1673106217
89,89.51,1673105712
90,10.72,1672608879
90,78.91,1672605393
90,90.12,1672604507
91,9.63,1673489664
91,48.69,1673490451
91,82.08,1673485521
92,95.73,1673340687
92,48.76,1673344348
92,55.68,1673337589
92,82.21,1673342672
93,61.5,1672597584
93,11.63,1672596476
94,36.06,1673073629
94,42.18,1673080940
94,16.03,1673074101
95,81.56,1673169305
95,65.77,1673167280
95,47.83,1673172691
96,23.38,1672899332
96,32.87,1672894922
96,92.12,1672893236
96,83.56,1672897004
97,64.55,1672695801
97,84.44,1672699347
97,25.61,1672696020
98,13.64,1672567888
98,12.99,1672558345
99,91.73,1672705936
99,11.82,1672709308
99,35.62,1672708092
99,55.42,1672700621
100,30.29,1673170183
100,21.63,1673177743
100,50.39,1673174488
100,85.01,1673175724
101,34.0,1673529560
101,7.69,1673533172
101,36.89,1673527981
101,86.44,1673533906
102,97.73,1672976951
102,23.98,1672973722
102,68.73,1672969573
102,92.85,1672977020
103,96.94,1672652453
103,36.15,1672653598
103,42.85,1672657111
104,40.95,1672946155
104,9.67,1672943828
104,87.5,1672949627
104,1.23,1672950168
105,2.34,1672671252
105,70.0,1672668237
105,63.31,1672669270
106,39.77,1672647812
106,59.45,1672646581
106,36.03,1672652756
107,87.46,1672712805
107,97.19,1672709846
107,87.64,1672717192
108,60.42,1673077793
108,54.41,1673076578
108,43.43,1673076590
108,88.7,1673075590
109,32.32,1673486861
109,85.04,1673488344
110,97.31,1673436700
110,57.77,1673441060
111,81.65,1673518008
111,90.55,1673511953
111,2.17,1673516127
112,72.6,1672599694
112,11.39,1672607697
112,91.57,1672606540
112,44.08,1672605669
113,59.53,1673516646
113,78.66,1673509182
113,88.98,1673518544
113,83.88,1673510248
114,52.34,1672773380
114,32.84,1672781081
114,55.37,1672779905
115,5.22,1673098307
115,46.63,1673092216
116,1.25,1673076509
116,81.57,1673073867
116,87.77,1673074115
116,87.23,1673072369
117,88.85,1672873720
117,50.67,1672872460
118,95.31,1673490836
118,71.21,1673487762
118,73.74,1673491155
118,86.83,1673492577
119,41.76,1672601429
119,39.7,1672605302
120,21.19,1673278868
120,97.74,1673281575
120,95.65,1673285118
121,68.33,1672551940
121,49.1,1672549783
122,84.94,1673056274
122,40.32,1673055270
122,69.92,1673048980
122,38.21,1673047372
123,73.24,1672619677
123,36.96,1672622062
124,12.28,1673523763
124,21.29,1673520767
124,4.18,1673524525
125,95.76,1673347112
125,90.43,1673339593
125,33.34,1673339588
125,46.37,1673343101
126,7.04,1672962359
126,14.87,1672961040
127,73.94,1672805829
127,49.86,1672805508
127,16.84,1672808780
128,17.04,1673476631
128,89.41,1673482234
128,42.76,1673480846
129,85.95,1673050751
129,38.24,1673041993
129,85.61,1673041920
129,1.24,1673042010
130,63.37,1673293489
130,10.91,1673293341
131,85.23,1673412065
131,19.58,1673416217
132,78.32,1673124104
132,17.33,1673130247
132,3.45,1673125464
133,11.51,1673354342
133,43.67,1673358599
133,44.57,1673350801
134,22.54,1673404547
134,98.41,1673409580
134,31.13,1673404398
135,10.74,1673528622
135,93.93,1673530129
136,77.2,1673506839
136,35.74,1673506300
136,71.61,1673506154
136,18.49,1673506773
137,43.74,1672994144
137,4.28,1672993613
138,67.65,1673524562
138,62.21,1673527066
138,51.57,1673527691
139,40.11,1673524106
139,71.71,1673522819
139,46.94,1673518386
139,28.86,1673525524
140,30.66,1673117173
140,32.3,1673121881
140,42.34,1673119143
141,79.43,1673225372
141,6.73,1673222694
141,70.24,1673217008
142,72.33,1672972995
142,80.46,1672971702
142,99.55,1672973748
142,54.04,1672973869
143,62.63,1672563778
143,68.83,1672565016
144,78.49,1672844801
144,34.45,1672847520
144,8.09,1672847037
144,13.64,1672852254
145,28.89,1673280940
145,60.2,1673279751
145,13.87,1673278458
145,92.99,1673277916
146,61.12,1672902738
146,70.83,1672900699
146,58.61,1672898574
146,80.42,1672895637
147,70.34,1672906747
147,46.14,1672911215
147,10.07,1672903190
148,29.55,1672670966
148,56.16,1672674911
148,19.68,1672674253
148,64.99,1672670483
149,88.99,1673289349
149,61.01,1673290483
150,71.46,1672661201
150,24.92,1672661262
150,68.3,1672668427
151,54.04,1673289202
151,55.3,1673289549
152,70.91,1672748673
152,39.57,1672757283
153,45.23,1672651310
153,56.02,1672650834
154,92.49,1673204677
154,4.58,1673211071
154,28.8,1673207859
155,96.99,1672942969
155,24.79,1672944823
155,8.39,1672948440
155,91.15,1672948852
156,32.25,1673480873
156,23.56,1673480006
156,25.91,1673478284
156,62.47,1673475389
157,68.71,1672692292
157,46.04,1672689527
157,22.15,1672692193
158,95.19,1673318404
158,39.49,1673318749
158,40.4,1673316991
159,28.67,1672670772
159,64.34,1672678451
159,47.22,1672679027
160,89.05,1672906209
160,59.88,1672908901
160,77.71,1672911947
161,24.82,1672737349
161,7.26,1672730564
161,51.4,1672729842
161,76.89,1672731757
162,83.33,1672599439
162,48.94,1672595163
163,87.88,1673294586
163,42.76,1673294480
163,26.34,1673291209
164,43.95,1672862134
164,74.88,1672852822
164,47.48,1672858543
165,89.12,1672565689
165,8.95,1672565763
166,66.22,1672800653
166,50.63,1672796943
166,19.85,1672798348
167,40.67,1672786525
167,45.39,1672790972
167,83.63,1672786384
167,71.14,1672793761
168,14.78,1672560221
168,72.13,1672554027
169,88.61,1673242279
169,33.55,1673240988
170,27.61,1673460897
170,83.26,1673456656
170,22.28,1673462758
170,49.53,1673459755
171,99.27,1672817909
171,71.79,1672813945
171,78.36,1672817638
171,21.37,1672813987
172,49.01,1672705938
172,23.94,1672703006
172,33.13,1672706578
173,28.28,1672648642
173,36.82,1672646121
174,68.04,1672567285
174,44.68,1672567171
174,60.72,1672572735
174,52.44,1672570364
175,57.2,1672648987
175,61.06,1672656279
175,49.99,1672648809
176,35.93,1672911275
176,92.66,1672915779
176,27.3,1672915791
176,83.56,1672914741
177,34.57,1672877831
177,14.24,1672878298
177,49.65,1672883520
178,93.99,1672890923
178,55.69,1672892035
178,30.05,1672896956
179,41.48,1672627437
179,48.8,1672622475
180,25.45,1673002910
180,1.55,1673003757
181,69.58,1673074809
181,84.67,1673073560
181,6.64,1673079778
182,35.52,1673338717
182,93.23,1673340377
183,24.15,1672960083
183,67.44,1672967427
183,27.86,1672961567
184,55.71,1673050169
184,15.25,1673047991
184,35.24,1673046606
185,71.71,1672973200
185,38.96,1672965707
185,40.46,1672969013
186,1.32,1673069679
186,45.04,1673070275
187,72.3,1673228358
187,34.63,1673234593
187,11.45,1673235233
188,6.86,1673148083
188,23.03,1673142790
189,94.95,1672845237
189,59.93,1672846545
189,24.52,1672844283
190,87.05,1673053220
190,8.19,1673057769
190,2.19,1673060912
190,51.45,1673057602
191,95.17,1673521991
191,20.11,1673517278
191,21.22,1673519877
191,32.13,1673515410
192,88.7,1672859994
192,99.3,1672859651
193,81.12,1673053626
193,8.1,1673050725
193,24.94,1673051711
193,68.62,1673050661
194,79.78,1673424279
194,27.65,1673431779
194,6.9,1673431645
195,39.4,1673219840
195,10.48,1673222423
195,56.64,1673213826
196,19.9,1673070678
196,29.29,1673077868
196,52.41,1673071577
196,46.26,1673076263
197,85.77,1672644928
197,98.87,1672644296
197,83.56,1672639657
197,68.58,1672644967
198,28.21,1673403825
198,54.17,1673398950
198,16.78,1673404248
199,13.34,1673221517
199,67.72,1673227645
199,39.43,1673230562
199,88.94,1673229281
200,41.36,1672999519
200,1.23,1672996092
200,71.93,1673001605
200,43.1,1673001661
201,44.36,1673262942
201,89.1,1673261993
201,61.84,1673263196
201,24.02,1673260028
202,24.23,1673463048
202,96.03,1673466445
202,95.78,1673463819
203,74.73,1673370685
203,88.6,1673363445
204,63.04,1673178728
204,19.54,1673169704
204,52.65,1673171795
205,37.77,1672860642
205,96.26,1672858769
205,36.03,1672861187
205,54.81,1672859255
206,1.28,1672897525
206,32.82,1672899763
206,36.09,1672891363
206,24.11,1672897451
207,61.3,1673172422
207,3.7,1673170693
207,21.48,1673164409
207,98.83,1673166599
208,28.19,1673126074
208,47.2,1673128130
208,24.18,1673130485
209,85.42,1672855489
209,88.0,1672859510
210,6.55,1672611152
210,50.58,1672603784
211,35.71,1672723887
211,60.83,1672722572
212,28.87,1672900275
212,5.54,1672904519
213,19.83,1672769091
213,65.02,1672765972
213,40.05,1672771884
213,43.02,1672775628
214,35.21,1673219557
214,31.54,1673222741
214,26.75,1673222601
215,80.3,1672659882
215,26.8,1672660822
216,17.36,1672922924
216,17.45,1672918566
216,27.8,1672914411
216,19.37,1672914681
217,44.78,1673312631
217,32.8,1673310073
217,53.72,1673303493
217,21.27,1673309881
218,94.25,1672969003
218,11.55,1672963697
218,49.28,1672962182
219,88.87,1673299524
219,95.34,1673301429
219,16.9,1673300746
220,81.35,1672718916
220,61.73,1672712779
220,8.4,1672712063
220,53.91,1672712537
221,84.13,1673333482
221,32.54,1673337954
221,93.88,1673331186
222,89.43,1673432983
222,63.8,1673431264
223,30.01,1673348392
223,16.72,1673348179
223,42.77,1673353555
224,57.75,1672892151
224,26.62,1672895693
224,13.2,1672895579
224,82.06,1672898216
225,19.73,1672782300
225,56.41,1672779006
225,22.15,1672782421
225,28.32,1672785015
226,45.72,1673040585
226,70.43,1673041091
226,10.92,1673041737
226,94.33,1673044358
227,80.01,1673270704
227,85.41,1673271627
227,3.39,1673266658
228,84.78,1672973409
228,58.12,1672969690
228,78.49,1672973038
228,72.86,1672970091
229,14.84,1673514873
229,95.34,1673511878
229,44.87,1673508532
230,84.18,1673147748
230,23.66,1673143163
230,47.39,1673151893
230,16.98,1673143640
231,89.54,1672655511
231,69.32,1672653441
231,75.78,1672651677
232,8.57,1673059907
232,56.3,1673064264
233,92.01,1673150865
233,17.96,1673144129
234,73.26,1673006872
234,82.1,1673006551
234,7.03,1673005602
234,87.92,1673005102
235,58.59,1673429972
235,30.09,1673425134
236,58.44,1673074043
236,60.06,1673075171
236,48.04,1673074388
236,37.83,1673070689
237,72.7,1673035075
237,67.83,1673040875
238,74.63,1673468444
238,45.04,1673469801
239,14.13,1673092226
239,48.15,1673098899
239,80.98,1673100634
240,3.77,1673170385
240,22.28,1673175199
240,98.89,1673173453
241,39.0,1672871405
241,55.57,1672875028
242,78.42,1673005613
242,60.89,1673006211
242,50.6,1673006968
242,95.16,1673005551
243,51.05,1672970904
243,40.05,1672969570
243,59.51,1672968615
244,20.0,1672656717
244,20.72,1672649154
244,69.22,1672652919
245,34.66,1673370921
245,9.56,1673371451
246,49.4,1673182704
246,96.01,1673183128
247,27.83,1673376996
247,11.11,1673379533
247,51.19,1673383193
247,65.5,1673381055
248,50.39,1672730968
248,8.05,1672724752
249,51.26,1673266841
249,15.96,1673265769
250,22.75,1672707861
250,9.43,1672710713
251,67.52,1673090595
251,22.11,1673088315
251,83.15,1673088239
252,99.88,1673327812
252,71.15,1673332087
252,36.86,1673335198
253,63.2,1672746093
253,91.23,1672748249
253,99.34,1672749262
254,75.58,1673083034
254,82.57,1673078740
254,24.94,1673079533
254,71.27,1673085363
255,48.78,1673058802
255,21.93,1673059178
255,5.01,1673054523
256,83.37,1672563492
256,43.69,1672566031
256,97.95,1672559467
257,40.23,1673467175
257,27.81,1673462039
257,84.98,1673468025
257,53.67,1673463405
258,6.86,1672723563
258,44.52,1672719903
258,84.5,1672720885
259,84.88,1673236465
259,68.57,1673235683
260,70.55,1672992954
260,3.78,1672989301
260,13.11,1672994288
260,32.44,1672988522
261,34.59,1672900454
261,73.63,1672900066
261,9.32,1672906120
261,93.0,1672906614
262,75.36,1673458288
262,79.02,1673459050
263,97.56,1672881106
263,68.26,1672884477
264,38.43,1672990860
264,68.85,1672996689
264,14.41,1672996904
264,77.6,1672998787
265,99.89,1672703206
265,43.48,1672703489
265,32.55,1672706947
266,54.1,1673356571
266,89.64,1673351664
267,19.09,1672676243
267,90.83,1672674455
267,74.32,1672670240
268,50.12,1672884329
268,75.45,1672875693
269,30.53,1673237795
269,74.92,1673230527
269,27.09,1673229671
270,49.84,1673122012
270,21.56,1673127137
271,52.35,1673105842
271,55.08,1673108052
271,51.49,1673103219
271,77.58,1673106360
272,1.89,1672659086
272,88.05,1672657476
272,50.92,1672658075
272,7.15,1672652128
273,5.65,1673115520
273,42.58,1673118130
273,44.33,1673116682
274,45.22,1672996487
274,70.84,1673004593
274,30.55,1672996907
274,7.06,1673004322
275,72.67,1673497233
275,84.24,1673495532
276,28.32,1672627820
276,5.16,1672625679
277,77.72,1673198197
277,31.18,1673206844
277,10.25,1673198284
278,21.33,1672695335
278,2.08,1672703247
278,23.28,1672695419
278,96.0,1672702107
279,3.86,1673505619
279,90.73,1673502149
280,45.28,1673223211
280,50.05,1673225181
280,83.02,1673227410
280,37.61,1673226771
281,81.68,1672802254
281,62.64,1672801838
282,5.6,1673508503
282,9.35,1673505328
282,65.39,1673505885
283,64.85,1673366431
283,49.6,1673365662
283,2.33,1673365936
284,47.18,1673168929
284,48.59,1673170596
285,24.07,1672692099
285,16.62,1672693400
285,55.96,1672686485
286,56.67,1673445006
286,33.45,1673439148
286,46.06,1673446248
287,5.67,1673362376
287,44.89,1673366452
287,66.8,1673360960
288,33.29,1672586230
288,26.23,1672585920
288,3.99,1672585719
288,34.13,1672581761
289,76.91,1673411005
289,89.5,1673404325
289,17.89,1673406519
290,45.19,1673379302
290,48.07,1673380946
290,47.22,1673377873
291,78.18,1673525416
291,92.06,1673519204
291,44.97,1673526973
292,90.1,1673108228
292,85.04,1673108451
292,85.58,1673102625
293,96.97,1673275860
293,58.97,1673274871
293,70.1,1673276218
293,80.73,1673275659
294,70.75,1672781150
294,53.11,1672778469
294,90.42,1672781629
295,69.79,1672738200
295,81.83,1672734658
295,84.68,1672730401
296,14.47,1673434425
296,45.9,1673429220
296,78.57,1673429982
297,56.03,1673256678
297,24.78,1673258579
298,89.43,1672714842
298,63.9,1672719020
298,81.31,1672711350
299,73.74,1672978855
299,32.04,1672971763
299,17.64,1672978964
299,13.41,1672971514
300,89.56,1673324182
300,77.45,1673323998
300,46.19,1673326037
301,71.45,1673333739
301,28.16,1673333635
302,64.44,1673485680
302,72.54,1673477485
302,81.7,1673477381
302,33.99,1673485743
303,90.81,1673336521
303,69.12,1673328845
303,40.08,1673337093
304,79.97,1672660011
304,7.55,1672664264
304,50.84,1672657280
305,3.85,1672703219
305,32.06,1672696350
306,12.91,1672847135
306,97.27,1672842578
306,94.86,1672846560
307,22.03,1673469153
307,24.38,1673475508
308,75.38,1672534901
308,55.05,1672535894
308,32.95,1672536949
309,20.19,1672577904
309,45.51,1672579681
310,22.11,1672637913
310,34.62,1672639725
310,63.51,1672640429
310,28.42,1672639300
311,32.36,1673274280
311,81.27,1673277442
312,42.09,1672677033
312,11.16,1672677996
312,82.07,1672678663
313,44.29,1672580791
313,93.8,1672582563
313,87.86,1672578941
313,43.38,1672583582
314,47.99,1672712174
314,68.28,1672709257
314,18.4,1672713610
314,46.43,1672706489
315,93.05,1673170226
315,3.88,1673173562
315,3.64,1673166432
316,4.79,1672725356
316,95.61,1672723050
316,18.16,1672724053
316,73.77,1672722379
317,21.71,1672864316
317,76.99,1672863308
318,9.19,1673436403
318,4.02,1673440968
318,92.47,1673440338
318,15.88,1673439908
319,14.62,1673327643
319,42.67,1673325355
319,60.52,1673323902
320,78.92,1672538780
320,30.01,1672541910
320,15.92,1672539140
321,51.63,1672689594
321,87.66,1672697199
321,77.11,1672698488
321,77.78,1672698149
322,93.67,1673345406
322,80.31,1673347032
323,58.0,1673345874
323,44.69,1673347295
323,17.32,1673347583
324,5.22,1673145377
324,40.84,1673139899
325,50.1,1673157165
325,27.9,1673156840
325,7.09,1673151059
326,45.27,1672660325
326,93.21,1672658977
326,75.14,1672654173
326,24.3,1672660222
327,51.71,1672574974
327,45.61,1672577676
327,20.19,1672574570
327,29.93,1672575870
328,78.02,1672857679
328,17.13,1672853835
328,77.4,1672852999
328,38.86,1672852460
329,31.15,1672907225
329,71.21,1672911960
329,40.71,1672914438
330,89.68,1672943431
330,27.84,1672947624
330,76.19,1672949153
331,80.59,1673357897
331,28.67,1673359203
331,52.17,1673363059
331,60.79,1673358856
332,2.04,1672757105
332,16.88,1672754184
332,10.44,1672761849
332,84.13,1672761000
333,72.09,1672829016
333,48.83,1672828753
333,43.23,1672824248
334,11.68,1673032137
334,12.57,1673032333
335,40.15,1672714463
335,69.79,1672708197
335,65.35,1672712311
336,49.48,1673103560
336,8.4,1673103189
336,22.49,1673104453
337,30.39,1672789246
337,90.47,1672789120
338,52.38,1672614272
338,78.58,1672619072
338,84.04,1672611547
339,44.45,1672716817
339,17.8,1672714771
339,42.67,1672714922
339,72.22,1672712651
340,29.3,1672872004
340,92.14,1672877008
340,32.97,1672875525
340,97.38,1672877759
341,56.37,1673170849
341,32.15,1673167395
341,40.83,1673165827
342,33.61,1673162378
342,33.13,1673156647
343,78.48,1673365219
343,32.13,1673364572
344,3.65,1673176597
344,52.05,1673181608
344,51.63,1673172684
344,92.89,1673176315
345,30.92,1673352343
345,63.72,1673344644
345,81.74,1673344939
346,26.99,1673216068
346,35.07,1673214946
346,64.99,1673215947
347,5.67,1673069560
347,65.37,1673070087
347,57.21,1673069639
348,2.0,1673023006
348,16.16,1673030664
348,15.6,1673025193
349,95.81,1672727317
349,45.15,1672722664
349,74.3,1672722893
350,42.63,1673261437
350,25.22,1673264709
351,89.61,1673351077
351,95.88,1673349017
351,28.37,1673350592
351,89.24,1673354416
352,36.71,1673072374
352,57.51,1673064285
353,62.02,1672903025
353,80.19,1672909187
353,26.87,1672907339
353,82.43,1672902502
354,14.29,1672758011
354,97.47,1672751044
354,96.98,1672756990
354,60.44,1672756753
355,55.1,1673282686
355,24.3,1673278313
356,88.64,1672953695
356,70.92,1672955321
356,85.62,1672954685
356,10.29,1672953594
357,42.5,1672756011
357,63.63,1672757562
357,9.82,1672751369
357,87.76,1672756990
358,17.46,1673068034
358,47.46,1673074190
359,10.99,1673042302
359,51.22,1673047698
359,5.91,1673048176
360,42.53,1672670247
360,72.46,1672672195
360,73.16,1672673253
361,77.28,1672867323
361,20.07,1672867667
362,7.57,1672541883
362,2.83,1672539778
362,74.92,1672545991
362,12.67,1672539292
363,10.09,1673070171
363,7.26,1673070066
363,5.79,1673062103
363,30.0,1673061736
364,38.39,1672700401
364,55.56,1672704822
365,46.51,1673439592
365,53.44,1673437611
365,93.78,1673437206
366,64.59,1672860575
366,86.77,1672857053
367,59.36,1673000842
367,34.17,1672999071
367,48.12,1673002501
367,51.16,1672998819
368,31.75,1673286117
368,18.9,1673281356
368,64.73,1673283086
369,16.31,1672556288
369,63.96,1672554081
369,6.93,1672550960
369,21.22,1672555839
370,81.59,1672945752
370,15.69,1672952046
370,5.24,1672946294
371,76.53,1673162878
371,80.94,1673163237
371,86.65,1673161017
371,91.8,1673165544
372,18.9,1673316447
372,69.01,1673312107
373,58.94,1673276673
373,90.55,1673277967
374,15.49,1673481702
374,9.79,1673478773
374,15.25,1673477719
375,59.41,1673454761
375,84.42,1673458802
375,35.16,1673460470
375,78.83,1673455967
376,39.66,1672754369
376,96.22,1672752354
377,33.3,1672546244
377,29.1,1672542631
378,8.62,1672653995
378,88.4,1672654608
378,84.57,1672655180
378,14.59,1672652320
379,60.5,1673428151
379,69.17,1673428662
379,5.01,1673428381
380,73.76,1672796851
380,52.99,1672797560
380,51.15,1672793726
381,46.14,1673230290
381,12.52,1673235527
381,6.35,1673229302
382,18.55,1672733790
382,12.64,1672732813
382,54.66,1672733415
383,93.96,1673109434
383,64.62,1673108156
383,63.94,1673110126
383,91.66,1673110901
384,96.35,1672803610
384,28.02,1672806635
384,93.81,1672804158
385,75.13,1672950944
385,49.85,1672959912
386,5.19,1672963516
386,69.94,1672968185
386,75.81,1672958419
386,2.46,1672961916
387,17.0,1672710835
387,32.3,1672717466
387,19.0,1672708601
387,76.61,1672717285
388,59.59,1673419426
388,7.82,1673416243
388,22.39,1673416829
389,36.18,1673442046
389,9.58,1673438671
389,95.6,1673437527
390,82.39,1672692338
390,40.24,1672690663
390,48.04,1672687208
391,85.2,1673289178
391,87.57,1673292532
392,71.11,1672606823
392,78.5,1672610612
393,3.74,1672776203
393,85.19,1672777217
393,30.34,1672775578
394,78.89,1673286367
394,46.66,1673278803
394,6.62,1673278708
394,47.74,1673279051
395,7.33,1673089964
395,60.13,1673089792
395,20.27,1673087232
395,21.14,1673085823
396,26.19,1672722727
396,8.8,1672724448
396,26.93,1672721820
396,73.56,1672727903
397,57.85,1672917883
397,19.66,1672916464
398,48.51,1672659812
398,70.57,1672658796
398,97.23,1672660815
399,61.05,1672699402
399,67.81,1672699965
399,63.96,1672703813
400,83.6,1672887994
400,29.15,1672896173
400,15.29,1672895015
401,70.99,1673133272
401,70.48,1673129170
401,94.44,1673131083
402,39.76,1673439698
402,26.07,1673440238
402,93.56,1673442583
402,99.62,1673442349
403,88.97,1673093170
403,62.5,1673098571
403,39.76,1673094784
403,87.39,1673095004
404,14.02,1672601726
404,56.28,1672600177
404,26.74,1672595785
405,49.14,1673486774
405,88.09,1673485669
406,86.3,1673468618
406,15.27,1673473904
406,89.85,1673477866
406,52.85,1673476374
407,44.88,1673193269
407,81.68,1673190295
407,67.54,1673194966
407,40.21,1673190524
408,50.12,1672803889
408,70.69,1672807991
409,8.43,1672900407
409,17.54,1672903389
409,90.89,1672903832
409,72.64,1672894799
410,36.37,1673216112
410,50.8,1673212529
411,19.07,1672539649
411,44.86,1672542951
411,21.29,1672540426
412,35.17,1673343269
412,41.9,1673343440
412,55.27,1673344519
413,16.14,1673321424
413,71.83,1673326324
413,25.79,1673325095
413,55.48,1673328392
414,91.23,1673315533
414,50.7,1673321750
414,45.82,1673318747
414,14.66,1673320442
415,91.15,1673189248
415,79.19,1673183929
415,57.72,1673182105
415,20.34,1673181166
416,60.08,1672600153
416,69.04,1672603688
416,76.69,1672604642
416,1.09,1672598916
417,64.8,1672999757
417,27.12,1672999284
418,14.79,1672925937
418,47.38,1672933436
418,66.93,1672932657
418,85.67,1672927037
419,64.36,1673300110
419,38.13,1673294463
419,50.3,1673295963
420,36.37,1673096577
420,32.74,1673098218
420,63.5,1673099502
421,93.36,1673103503
421,64.68,1673103460
422,68.04,1673351832
422,61.35,1673346524
423,73.59,1672771961
423,99.12,1672765628
423,27.51,1672764791
424,81.74,1673365491
424,30.29,1673358414
424,12.21,1673356711
424,67.54,1673361737
425,78.66,1672706116
425,82.59,1672712760
426,84.83,1673299403
426,86.13,1673301840
426,59.04,1673297961
426,63.44,1673294479
427,95.78,1672572499
427,26.93,1672571986
428,96.66,1672985389
428,37.16,1672977604
428,17.51,1672980407
428,50.68,1672981651
429,5.66,1672771769
429,45.98,1672767969
429,56.68,1672769928
430,48.78,1673353626
430,53.53,1673350522
430,34.27,1673348533
431,39.74,1673257601
431,44.17,1673256127
431,60.19,1673255979
432,28.84,1672537744
432,33.75,1672543113
432,42.34,1672541078
433,45.58,1672787586
433,51.41,1672790335
433,85.79,1672781595
433,30.12,1672786721
434,53.71,1672915696
434,35.85,1672915153
434,91.47,1672917522
434,1.1,1672915086
435,72.36,1672836063
435,37.49,1672845033
436,90.65,1673045034
436,45.56,1673047334
436,52.39,1673045897
436,6.85,1673043576
437,85.09,1672644488
437,25.03,1672643712
438,68.55,1672763311
438,79.46,1672762832
438,15.0,1672759477
439,54.47,1673083734
439,8.49,1673078135
440,24.16,1672882414
440,98.22,1672882332
440,66.47,1672884698
440,36.92,1672885471
441,45.71,1673484961
441,88.94,1673479349
441,18.98,1673482726
442,91.83,1672996609
442,91.86,1672993783
442,1.96,1673000018
442,62.69,1672999883
443,70.87,1673046616
443,1.59,1673048404
444,31.65,1673114807
444,1.59,1673111058
444,68.02,1673109484
445,36.9,1672619140
445,32.77,1672621566
445,78.03,1672619107
446,12.69,1672859174
446,31.39,1672856881
447,57.95,1673148222
447,75.58,1673154183
447,76.41,1673153409
447,21.17,1673147796
448,7.33,1673517052
448,54.94,1673509098
448,27.13,1673511083
448,33.95,1673509121
449,29.93,1673279867
449,90.8,1673275733
450,10.25,1673336611
450,20.82,1673343161
450,81.21,1673339681
451,49.84,1673508774
451,10.53,1673508740
451,58.24,1673504137
452,39.94,1673235577
452,9.1,1673237953
452,85.12,1673233226
452,2.64,1673229726
453,20.76,1673495835
453,1.77,1673497609
454,24.11,1672581919
454,31.23,1672584777
455,67.24,1672868635
455,13.73,1672864252
455,42.72,1672872727
455,19.91,1672870011
456,50.19,1672717816
456,54.98,1672717926
457,93.69,1673472498
457,74.0,1673470256
458,15.57,1673380625
458,50.74,1673379723
459,34.05,1672689999
459,28.7,1672684732
459,45.97,1672690077
459,3.55,1672686344
460,87.25,1673315426
460,64.75,1673313653
461,18.74,1673127758
461,41.65,1673133228
461,16.24,1673127766
462,77.57,1672637354
462,37.2,1672639448
463,89.94,1673369041
463,39.74,1673366991
463,74.15,1673364054
463,95.57,1673367919
464,69.89,1672818015
464,43.71,1672819771
464,37.43,1672821493
464,35.48,1672820633
465,61.27,1673038039
465,33.31,1673032909
465,86.65,1673042190
466,36.4,1673437125
466,90.38,1673435080
467,68.94,1673291533
467,72.06,1673292365
467,45.37,1673294713
467,70.35,1673291565
468,7.23,1673372795
468,38.22,1673371229
469,69.18,1672745039
469,32.31,1672751581
469,75.96,1672748101
470,67.24,1672884384
470,83.08,1672891509
471,21.42,1673116837
471,59.35,1673123232
471,95.86,1673119992
471,70.68,1673114457
472,4.87,1673300130
472,52.0,1673300899
472,31.48,1673303784
472,77.45,1673301085
473,46.91,1673114384
473,91.19,1673113411
473,37.87,1673106363
473,89.97,1673108118
474,89.21,1673065728
474,9.04,1673071446
474,2.09,1673071216
475,4.96,1672584544
475,54.35,1672590225
475,68.0,1672582277
475,54.31,1672583450
476,66.24,1673203508
476,91.29,1673206116
476,98.52,1673205733
476,19.11,1673205648
477,19.02,1673450879
477,65.51,1673452808
477,12.98,1673452331
478,30.11,1673535781
478,97.65,1673536247
479,21.61,1672867688
479,41.69,1672861920
479,57.92,1672865664
480,35.67,1673512771
480,60.87,1673511849
480,82.08,1673508551
481,93.5,1673252666
481,6.69,1673256677
482,10.78,1673137760
482,5.94,1673139115
483,19.3,1672957258
483,82.51,1672959599
483,76.38,1672955644
483,96.72,1672963976
484,79.84,1672967001
484,89.77,1672962332
484,89.16,1672960018
484,64.6,1672960972
485,62.7,1673284055
485,31.72,1673280921
485,59.42,1673279922
485,63.66,1673284746
486,9.93,1673287535
486,67.26,1673284277
486,57.47,1673282256
487,29.15,1672821079
487,38.5,1672826834
487,84.38,1672821629
487,93.75,1672818112
488,32.88,1672688479
488,54.65,1672693670
489,35.02,1673465619
489,40.48,1673469139
489,8.18,1673474651
489,16.75,1673471839
490,59.42,1673467665
490,95.37,1673463351
491,42.47,1672722984
491,55.74,1672724316
491,96.43,1672720313
492,74.49,1672800206
492,2.31,1672806526
492,16.12,1672805955
492,27.37,1672803992
493,89.25,1673454892
493,58.06,1673461240
493,12.65,1673454976
493,43.02,1673460851
494,28.42,1672999104
494,58.84,1672992149
494,94.52,1672995498
494,19.12,1672996206
495,85.88,1673275042
495,8.62,1673268595
495,29.56,1673268243
496,82.19,1673399707
496,68.51,1673397773
497,24.31,1672723736
497,69.31,1672726633
497,74.86,1672719018
497,30.16,1672717628
498,51.63,1673076893
498,14.11,1673074655
499,15.55,1672671172
499,54.01,1672665379
499,72.13,1672667672
499,39.23,1672664489
500,13.99,1672928422
500,89.08,1672929780
500,63.19,1672924753
501,84.77,1672878753
501,1.33,1672877273
501,1.06,1672872216
501,43.71,1672873825
502,65.57,1673525522
502,9.88,1673521789
503,81.65,1673033738
503,31.16,1673025144
503,41.83,1673024787
503,64.07,1673033392
504,42.28,1672970982
504,68.29,1672967548
504,38.86,1672974323
504,39.68,1672968787
505,3.6,1673487697
505,40.02,1673496174
505,93.52,1673495049
506,32.43,1673505098
506,27.81,1673499135
507,28.23,1673513810
507,43.49,1673513816
508,11.82,1672763477
508,74.88,1672768357
509,29.51,1672602858
509,13.14,1672606168
509,7.34,1672610145
509,25.01,1672609849
510,69.53,1673434223
510,8.4,1673435871
510,57.97,1673441713
511,60.51,1672556881
511,96.13,1672552002
511,75.24,1672552285
512,96.58,1672633501
512,44.25,1672639619
512,61.4,1672638594
513,49.75,1673014355
513,95.19,1673011960
513,60.28,1673014369
513,99.83,1673016303
514,68.91,1673404862
514,46.28,1673406129
514,23.43,1673399923
514,95.82,1673405162
515,76.49,1673529374
515,32.39,1673522666
515,65.31,1673526180
515,27.56,1673527877
516,70.94,1672951551
516,2.61,1672950038
516,74.24,1672952985
516,69.45,1672945048
517,60.6,1673457444
517,77.21,1673460221
518,78.52,1672872242
518,49.47,1672868709
519,40.36,1672926880
519,75.59,1672931097
520,97.44,1672967091
520,90.39,1672960943
520,4.89,1672967685
521,88.79,1672728994
521,45.68,1672728523
521,43.28,1672726717
521,96.74,1672730412
522,62.9,1673478025
522,59.22,1673475878
523,41.56,1672612823
523,85.89,1672614150
523,62.38,1672612756
523,54.75,1672612999
524,82.14,1673197019
524,45.58,1673201618
524,38.83,1673205653
525,96.46,1673150828
525,28.36,1673152092
525,20.15,1673145734
526,52.89,1672923370
526,61.1,1672927232
527,92.46,1672652160
527,16.12,1672653071
528,75.95,1672999013
528,97.2,1672999471
529,1.01,1672681290
529,85.56,1672681544
529,91.17,1672677621
530,71.34,1672854549
530,34.14,1672857571
531,96.64,1672828845
531,59.5,1672835483
531,29.25,1672836325
532,55.61,1673403877
532,86.4,1673401888
532,70.02,1673409382
532,17.91,1673405628
533,31.32,1672538795
533,71.52,1672536927
533,48.4,1672536794
533,90.16,1672542107
534,95.56,1672590178
534,35.76,1672587847
534,73.76,1672591240
535,43.37,1673335421
535,23.03,1673332908
535,37.21,1673332761
536,80.65,1672777800
536,39.49,1672775427
537,66.86,1673512718
537,82.28,1673508181
537,12.26,1673507624
538,3.05,1673301006
538,42.82,1673302020
538,61.45,1673298335
538,67.41,1673295738
539,58.09,1673021282
539,30.36,1673021584
539,85.1,1673023938
540,50.4,1673266246
540,79.97,1673264129
541,27.19,1673410497
541,33.94,1673418203
541,42.39,1673410628
542,34.68,1672817670
542,74.04,1672815299
543,61.48,1673372628
543,61.3,1673370257
543,47.61,1673374863
543,78.51,1673369828
544,67.24,1673140442
544,83.66,1673144261
544,74.59,1673139533
545,91.42,1673041067
545,38.4,1673046372
546,1.2,1672584634
546,92.88,1672584477
547,53.85,1672852866
547,87.14,1672856754
548,17.42,1672829518
548,32.75,1672824189
548,57.89,1672825601
548,22.0,1672822623
549,86.21,1672819459
549,29.54,1672823837
549,45.12,1672815161
549,16.31,1672818145
550,20.84,1673429329
550,41.81,1673428847
550,10.48,1673436122
550,17.41,1673437018
551,30.21,1672950049
551,18.67,1672956294
552,50.62,1673316717
552,83.88,1673315941
553,58.06,1672842637
553,43.45,1672840252
553,72.19,1672834830
553,58.29,1672838315
554,1.86,1673325652
554,47.86,1673326789
555,67.91,1672632626
555,40.55,1672625337
555,46.23,1672623517
555,67.56,1672631570
556,51.29,1673050999
556,65.77,1673050345
556,32.83,1673050939
556,33.44,1673050968
557,20.6,1672992072
557,74.75,1672988695
557,39.89,1672993298
558,73.31,1673009250
558,68.02,1673011444
558,43.99,1673011306
559,35.93,1673404207
559,24.03,1673405863
559,2.82,1673405480
559,14.55,1673408614
560,17.6,1673524287
560,41.86,1673521067
561,43.52,1672720978
561,40.98,1672721310
562,8.7,1673063319
562,2.01,1673065471
562,49.97,1673062344
562,40.0,1673064008
563,25.01,1672699360
563,76.32,1672696291
563,81.22,1672697112
564,21.74,1673147983
564,21.73,1673148370
564,13.93,1673149570
564,67.13,1673146343
565,43.32,1673090574
565,93.08,1673096620
566,60.26,1673520393
566,59.27,1673519852
566,59.32,1673519684
566,43.27,1673525126
567,74.03,1673288205
567,73.72,1673291235
568,12.07,1672940667
568,28.39,1672944409
568,37.82,1672945334
569,89.92,1672864149
569,27.42,1672857877
570,51.94,1673223988
570,25.02,1673223386
571,81.77,1672751975
571,40.2,1672753796
571,57.08,1672753798
571,10.26,1672758711
572,25.06,1672567830
572,14.05,1672569226
572,90.73,1672572862
573,22.43,1672556337
573,56.1,1672546800
573,27.54,1672556650
573,10.26,1672549936
574,19.22,1672846537
574,81.75,1672848029
575,67.25,1672869018
575,51.13,1672865757
576,61.72,1672889488
576,89.61,1672891088
576,72.62,1672891115
576,48.42,1672887154
577,15.94,1672549840
577,56.51,1672551596
577,96.04,1672549780
577,76.89,1672558212
578,17.72,1672993039
578,23.35,1672989366
579,67.26,1673038924
579,9.21,1673039849
580,83.18,1673296498
580,56.92,1673298449
581,87.89,1672749152
581,60.97,1672751714
581,54.99,1672758017
581,44.34,1672753554
582,83.15,1673502337
582,62.06,1673498375
583,46.05,1673235994
583,60.4,1673238367
584,71.6,1673505518
584,15.73,1673499127
585,1.95,1673072941
585,1.03,1673067357
586,98.76,1672968130
586,29.47,1672962365
586,46.83,1672959552
586,36.81,1672965756
587,81.6,1673149618
587,29.43,1673143672
587,2.08,1673142025
587,11.71,1673145918
588,89.5,1672857855
588,47.06,1672863000
588,96.21,1672864097
588,88.75,1672863041
589,26.92,1673033203
589,55.73,1673034284
590,64.77,1673066265
590,53.86,1673061433
591,74.95,1672743194
591,74.85,1672744697
592,45.1,1673308097
592,59.02,1673303917
593,54.18,1672920663
593,12.53,1672912933
593,5.34,1672920247
594,63.77,1673229908
594,20.64,1673230664
594,61.33,1673235541
595,90.04,1673009577
595,58.56,1673015244
595,80.15,1673011554
595,59.37,1673008311
596,87.12,1672728979
596,76.73,1672734552
597,94.84,1672820027
597,56.46,1672817449
597,66.76,1672822188
598,36.5,1672561535
598,83.73,1672561133
598,51.61,1672564683
599,23.59,1672928246
599,57.62,1672925973
599,99.03,1672929299
599,70.5,1672930426
600,32.05,1673384697
600,98.75,1673388062
600,74.64,1673390013
601,37.77,1673036530
601,87.21,1673039927
601,54.02,1673038643
602,51.51,1672839392
602,54.5,1672838383
603,63.01,1672923326
603,83.39,1672922427
603,11.59,1672924951
603,48.94,1672926243
604,35.13,1672952666
604,39.05,1672949717
604,76.35,1672946427
604,80.53,1672951312
605,83.0,1673379651
605,90.28,1673374148
605,18.54,1673373517
605,19.59,1673374145
606,15.41,1672652002
606,18.12,1672652170
607,28.47,1672594831
607,78.08,1672596220
607,99.75,1672595861
608,53.26,1672871650
608,88.21,1672869633
608,23.59,1672868286
608,28.72,1672863897
609,25.73,1673005108
609,89.54,1673010320
610,91.46,1672703381
610,95.27,1672703742
610,66.17,1672704701
610,14.34,1672710981
611,30.79,1672981640
611,33.22,1672980397
611,47.31,1672986519
611,85.79,1672983772
612,17.14,1673426143
612,97.4,1673425027
612,38.97,1673429970
612,30.67,1673428534
613,25.02,1672696237
613,98.43,1672694013
613,51.5,1672694797
614,79.71,1673505058
614,97.63,1673508181
615,88.79,1672838846
615,19.17,1672833343
615,55.74,1672835955
615,89.43,1672836857
616,60.04,1672634776
616,46.89,1672637235
616,10.14,1672635452
617,26.54,1673148949
617,33.76,1673144014
617,72.48,1673145290
617,9.28,1673148054
618,18.94,1673322293
618,58.77,1673315500
618,70.12,1673324917
618,85.06,1673315350
619,89.27,1673171648
619,6.06,1673172907
619,57.57,1673174162
619,45.25,1673175830
620,9.26,1673340876
620,56.65,1673339027
620,77.86,1673336704
620,60.66,1673335211
621,23.45,1672589754
621,10.86,1672586078
622,30.05,1673016818
622,87.55,1673012974
622,79.39,1673017500
623,5.24,1673167208
623,52.77,1673169034
623,62.61,1673160254
623,4.56,1673160702
624,65.3,1673155434
624,95.92,1673155841
624,58.5,1673148432
625,5.21,1673139952
625,59.89,1673144751
625,21.98,1673138246
626,84.91,1672689701
626,70.74,1672683074
626,61.34,1672687961
626,81.82,1672683752
627,99.47,1673318935
627,7.86,1673326422
628,17.32,1672908244
628,38.29,1672902665
628,46.29,1672909537
628,57.73,1672908047
629,25.19,1673237158
629,29.79,1673230443
629,45.65,1673235269
629,24.08,1673233146
630,32.02,1673390298
630,31.78,1673382565
630,36.24,1673391420
630,21.98,1673382026
631,58.47,1672842809
631,45.85,1672846712
631,48.67,1672844449
632,87.48,1673300030
632,44.18,1673292032
632,69.06,1673298449
632,82.61,1673292136
633,63.68,1673390175
633,6.22,1673386715
634,66.57,1673317451
634,76.35,1673319987
634,54.29,1673317282
634,3.06,1673317688
635,31.57,1672637036
635,65.84,1672638336
635,23.68,1672639840
635,98.95,1672638586
636,97.64,1673018316
636,51.94,1673020710
636,87.53,1673025389
637,37.82,1673171748
637,39.27,1673174259
638,22.74,1673142086
638,91.2,1673146032
638,42.23,1673141062
639,6.88,1672825935
639,25.46,1672826299
640,34.16,1673106510
640,47.94,1673101898
640,56.61,1673096839
641,15.53,1673228855
641,43.44,1673227214
642,81.82,1672692229
642,19.41,1672696991
642,60.78,1672690137
642,90.26,1672693633
643,45.66,1673422471
643,65.9,1673414302
643,82.64,1673421258
644,47.13,1673083051
644,78.54,1673077257
645,16.42,1672892983
645,21.13,1672895539
646,36.1,1673353954
646,89.12,1673349606
647,9.14,1672759739
647,22.5,1672754610
647,67.01,1672759600
648,23.74,1673474645
648,12.68,1673468820
649,1.28,1673029826
649,70.28,1673028007
650,44.95,1672917794
650,73.88,1672915346
650,8.9,1672915411
650,18.89,1672920051
651,45.6,1673101782
651,41.38,1673099692
652,39.69,1672736109
652,75.4,1672734591
652,67.18,1672736408
653,30.21,1672948470
653,24.8,1672947661
654,42.9,1672702207
654,97.54,1672695243
654,7.83,1672701740
654,74.88,1672699396
655,47.94,1673520811
655,47.57,1673521855
655,62.62,1673521751
655,20.06,1673514602
656,49.82,1673175021
656,55.91,1673174020
656,2.41,1673175803
657,22.15,1672925721
657,41.76,1672932162
657,44.02,1672923922
658,9.96,1672760346
658,66.46,1672756052
659,9.32,1672726700
659,72.12,1672720686
659,63.42,1672722218
659,90.3,1672723080
660,74.75,1673008369
660,28.05,1673007463
661,35.73,1672612169
661,42.42,1672608357
661,97.21,1672609600
661,88.46,1672605347
662,24.59,1673092101
662,62.43,1673084640
662,35.36,1673089692
662,86.79,1673085950
663,4.72,1673121067
663,76.2,1673116354
663,16.7,1673121427
663,14.15,1673123558
664,83.46,1673154670
664,31.85,1673153598
664,51.86,1673152046
664,76.12,1673151262
665,50.84,1672774077
665,69.2,1672775066
665,44.86,1672773440
665,15.89,1672769824
666,33.87,1673252462
666,39.93,1673260846
666,2.06,1673257249
666,50.12,1673256187
667,9.18,1673385786
667,93.44,1673391057
667,37.25,1673389205
667,97.37,1673388784
668,2.54,1672642456
668,99.91,1672639697
668,93.19,1672641406
669,74.6,1672581009
669,5.57,1672585084
669,27.4,1672585295
670,1.95,1673303259
670,74.02,1673296756
671,53.34,1673253040
671,48.14,1673245695
671,36.42,1673249054
671,85.62,1673254063
672,87.05,1672811863
672,18.06,1672817807
672,19.16,1672808954
673,90.76,1672831091
673,66.96,1672835706
673,49.79,1672835478
673,52.52,1672835159
674,28.54,1672832994
674,33.16,1672831827
674,47.01,1672826388
675,97.58,1673048338
675,39.34,1673055055
676,69.07,1672930727
676,13.12,1672929784
677,2.23,1673460858
677,87.19,1673459573
677,38.78,1673456738
678,11.14,1673460443
678,61.85,1673465239
679,35.4,1673381097
679,80.57,1673384489
679,61.83,1673378973
680,80.32,1673156681
680,50.52,1673155931
680,87.12,1673150954
681,80.01,1673047320
681,84.69,1673052136
681,14.27,1673044645
681,37.45,1673051797
682,2.43,1672870267
682,51.99,1672867231
682,83.72,1672865613
682,97.84,1672874024
683,61.03,1673065228
683,55.5,1673060608
683,15.79,1673066253
683,4.42,1673060116
684,9.13,1672907774
684,79.57,1672906991
684,80.42,1672903352
684,39.99,1672909977
685,70.09,1672790685
685,38.46,1672789657
685,54.03,1672789313
685,20.51,1672794573
686,31.4,1672876299
686,94.54,1672872177
686,52.01,1672873708
687,75.51,1673526388
687,54.67,1673530735
687,52.73,1673526437
688,54.66,1673417282
688,17.44,1673422533
688,95.55,1673417216
689,94.89,1672724094
689,28.81,1672729962
689,59.78,1672730467
690,61.34,1672665784
690,98.36,1672670851
690,96.91,1672667895
690,41.77,1672668967
691,39.87,1672942899
691,89.57,1672939226
692,32.56,1673111732
692,88.04,1673111288
693,28.12,1673520355
693,61.72,1673513180
693,66.1,1673522584
693,66.18,1673522652
694,15.81,1673300407
694,99.35,1673296206
694,29.6,1673298962
695,72.95,1672816245
695,51.7,1672817045
696,37.72,1673231177
696,44.69,1673231201
697,44.31,1672555192
697,93.99,1672547836
697,59.08,1672552419
697,11.01,1672550292
698,72.02,1673436214
698,19.74,1673438387
699,63.19,1672869369
699,13.49,1672866421
700,41.51,1673053945
700,33.95,1673051683
701,87.12,1673297489
701,42.79,1673295291
702,39.29,1673220942
702,8.64,1673218151
703,41.48,1672612522
703,35.61,1672611716
703,37.12,1672609374
704,34.66,1672951283
704,96.99,1672945957
705,72.39,1672585767
705,4.73,1672585710
705,82.62,1672584792
706,96.85,1672574626
706,7.33,1672579009
707,84.59,1672767899
707,21.73,1672768802
708,62.15,1673533955
708,77.25,1673529160
708,34.95,1673537405
709,17.26,1673460436
709,18.09,1673454360
709,80.66,1673456358
709,67.67,1673451978
710,16.75,1672912926
710,64.28,1672911855
711,2.9,1672969433
711,52.0,1672973704
711,89.11,1672976000
711,45.03,1672968825
712,68.07,1673272306
712,35.02,1673279551
712,2.33,1673278308
713,98.47,1672927598
713,63.98,1672929075
713,91.04,1672934928
713,65.28,1672936323
714,76.75,1673448016
714,94.52,1673450666
715,77.66,1673298695
715,95.91,1673302463
715,42.71,1673301099
715,72.63,1673303244
716,14.18,1672962377
716,59.33,1672957953
717,72.73,1673171088
717,85.22,1673166112
717,23.45,1673167753
717,14.63,1673165189
718,78.78,1673381426
718,4.66,1673386275
719,97.31,1673501726
719,98.28,1673500006
720,82.19,1672995014
720,7.59,1672989770
720,30.44,1672987483
720,42.36,1672990521
721,59.06,1673331417
721,70.3,1673334416
721,22.19,1673338018
721,34.49,1673334646
722,62.81,1672766741
722,45.81,1672773519
722,15.62,1672767921
723,67.13,1672807508
723,20.92,1672805867
724,20.24,1673530214
724,51.23,1673527989
724,41.83,1673536138
725,19.47,1672907429
725,50.32,1672905479
725,3.88,1672902149
726,26.28,1673225915
726,76.5,1673231353
727,14.46,1672843960
727,50.53,1672837849
727,80.41,1672838609
728,11.54,1673000417
728,16.72,1672995353
729,76.3,1673073926
729,15.17,1673076465
729,39.87,1673080392
729,31.21,1673074990
730,6.76,1673041635
730,72.8,1673043658
730,16.23,1673047982
730,63.66,1673040480
731,23.16,1672617052
731,74.59,1672619064
731,57.24,1672622976
732,18.25,1673391836
732,55.56,1673395296
732,82.78,1673394074
732,36.2,1673397734
733,29.89,1673350833
733,39.52,1673352927
733,81.11,1673345848
734,74.35,1673489153
734,10.97,1673490449
734,16.22,1673490633
735,70.77,1673418861
735,37.38,1673419747
735,94.67,1673418165
735,34.75,1673417930
736,32.19,1673264848
736,64.21,1673256217
736,21.84,1673261062
736,19.68,1673255918
737,58.0,1672953709
737,2.12,1672951562
738,3.43,1672613601
738,69.18,1672614272
738,28.72,1672610008
738,58.62,1672613371
739,8.43,1673087482
739,88.44,1673088252
739,72.73,1673091178
740,8.99,1672892067
740,36.47,1672888209
741,1.67,1673506498
741,20.33,1673504678
741,4.64,1673508189
741,93.13,1673513607
742,12.66,1673245753
742,17.81,1673245142
742,19.16,1673249079
743,24.87,1672544493
743,90.41,1672542688
744,50.85,1673107932
744,3.37,1673105991
744,95.13,1673111478
744,48.95,1673112517
745,73.57,1672916588
745,54.51,1672914188
745,81.43,1672916138
745,33.73,1672917472
746,67.77,1673503322
746,62.0,1673503138
747,90.87,1672636212
747,35.6,1672629166
748,87.02,1673123699
748,97.12,1673125364
748,96.98,1673124075
748,60.16,1673118725
749,11.0,1672599944
749,65.25,1672600864
749,87.07,1672600570
749,25.09,1672600868
750,78.61,1673281473
750,64.66,1673280012
751,64.07,1673301884
751,5.07,1673295297
751,83.31,1673299696
752,13.2,1672611736
752,99.61,1672616879
752,3.41,1672615340
752,33.93,1672618887
753,5.44,1672595849
753,36.41,1672597569
753,44.14,1672591501
753,36.18,1672590921
754,27.71,1672745758
754,36.51,1672741355
754,94.85,1672741340
755,59.3,1672560090
755,76.67,1672565564
755,99.56,1672560560
756,18.18,1673483862
756,85.02,1673478137
757,39.79,1672570589
757,40.16,1672571565
757,3.38,1672569134
758,88.82,1672751014
758,12.65,1672759167
759,82.76,1673324236
759,46.4,1673331811
759,31.69,1673332514
760,42.81,1672715335
760,44.66,1672715159
760,92.48,1672720134
761,63.02,1673088305
761,15.13,1673086294
761,11.99,1673089905
761,74.3,1673088284
762,30.82,1673136946
762,19.18,1673136659
763,2.17,1673293608
763,63.24,1673301362
763,29.32,1673298222
764,79.4,1672617454
764,51.58,1672614578
765,12.11,1672589163
765,61.2,1672590773
765,29.11,1672593991
765,92.85,1672587271
766,10.36,1673145134
766,86.15,1673141215
766,70.22,1673144099
767,1.09,1673067421
767,25.68,1673073166
767,50.79,1673072028
768,20.79,1673525906
768,53.9,1673532010
769,60.18,1672547778
769,76.37,1672549233
770,37.33,1673410759
770,4.14,1673411093
770,92.82,1673409407
771,3.21,1672789896
771,34.96,1672786266
771,41.33,1672786146
771,22.82,1672786101
772,18.07,1673320094
772,97.85,1673317709
772,98.53,1673317866
773,15.24,1672769111
773,71.72,1672770472
773,35.87,1672769780
773,5.18,1672769500
774,91.89,1672793754
774,90.9,1672796941
775,88.8,1672735215
775,47.56,1672735511
775,37.83,1672735652
775,57.17,1672740953
776,91.35,1673060502
776,15.48,1673055145
776,51.43,1673059554
776,91.66,1673058028
777,74.39,1673039579
777,18.61,1673040365
778,7.99,1673079246
778,83.5,1673082700
778,38.32,1673081921
778,90.2,1673078223
779,22.09,1673428776
779,2.79,1673427173
779,29.17,1673433804
779,62.45,1673432984
780,53.39,1672696698
780,70.41,1672693707
780,59.87,1672697406
780,21.5,1672701094
781,99.64,1672847673
781,71.79,1672854010
781,28.79,1672850523
781,25.46,1672846261
782,73.82,1672786017
782,25.24,1672791869
782,90.97,1672792062
783,66.95,1673061271
783,13.68,1673060780
783,54.33,1673064818
784,42.43,1673282510
784,5.99,1673283523
785,29.93,1672910592
785,47.83,1672910110
785,28.75,1672909790
786,8.28,1673204206
786,86.15,1673203390
787,32.65,1673221376
787,36.69,1673222115
788,16.74,1672917795
788,94.3,1672915947
789,67.73,1672941836
789,87.18,1672940147
789,45.39,1672942308
790,2.74,1673034138
790,10.44,1673029919
791,63.89,1673101421
791,68.72,1673106900
791,4.68,1673107049
791,5.39,1673103230
792,76.0,1672573380
792,94.04,1672566584
793,72.42,1672870823
793,11.54,1672867273
793,23.92,1672866367
793,90.97,1672865374
794,73.2,1672796444
794,10.43,1672798344
794,72.37,1672796506
795,50.53,1672641133
795,39.14,1672633031
795,95.99,1672641167
796,21.78,1672832767
796,57.88,1672824653
796,94.02,1672826825
796,88.34,1672824798
797,17.05,1673018373
797,3.26,1673012424
797,60.67,1673017459
798,31.5,1672760052
798,83.07,1672755274
798,86.1,1672753348
798,18.13,1672759545
799,24.02,1673160016
799,65.89,1673161052
799,21.1,1673161098
799,34.02,1673158957
800,81.2,1673461886
800,90.91,1673460913
801,74.73,1673307271
801,37.0,1673308586
802,69.71,1673468255
802,72.33,1673465763
803,64.63,1673233817
803,42.23,1673233254
803,59.6,1673231093
804,45.41,1672725993
804,11.54,1672731438
805,89.98,1672982194
805,4.43,1672975287
806,95.02,1672930836
806,1.94,1672927214
807,65.7,1673073565
807,44.01,1673077051
808,4.19,1673438315
808,93.12,1673442444
808,8.57,1673441959
809,40.69,1672604030
809,90.47,1672609746
810,38.91,1673085955
810,1.52,1673080006
811,2.34,1672813784
811,44.03,1672807458
811,89.43,1672811963
811,61.99,1672815859
812,29.58,1672783180
812,81.28,1672783652
812,62.52,1672781556
813,54.78,1672959666
813,54.28,1672961786
813,36.24,1672963350
813,14.84,1672958971
814,33.82,1672614725
814,69.45,1672610058
815,8.68,1673341501
815,56.32,1673337033
815,98.0,1673337649
816,16.82,1672558408
816,99.03,1672550919
817,95.98,1673496347
817,43.04,1673496600
817,74.82,1673503507
817,55.08,1673503166
818,2.87,1673179899
818,79.78,1673182280
818,45.28,1673181508
818,88.94,1673180532
819,54.21,1673127072
819,34.03,1673132623
819,94.69,1673130525
819,83.96,1673127038
820,80.16,1673449469
820,57.95,1673452087
820,92.73,1673451676
820,60.0,1673448259
821,88.51,1672790937
821,91.58,1672790570
821,82.94,1672792615
821,49.73,1672793615
822,91.42,1672954892
822,64.41,1672962037
823,92.37,1673482677
823,75.35,1673484519
824,46.18,1673496559
824,45.3,1673501201
825,65.31,1672884143
825,67.04,1672881252
825,40.6,1672877791
826,73.24,1673484547
826,6.06,1673485428
826,92.82,1673479337
826,49.03,1673479327
827,94.77,1673057081
827,89.64,1673052546
827,97.86,1673051938
827,30.78,1673047429
828,29.64,1673416801
828,21.3,1673411290
828,88.75,1673420203
829,5.11,1672703793
829,27.76,1672705939
829,39.32,1672704397
830,87.0,1672792604
830,97.86,1672790003
831,64.6,1672790108
831,78.26,1672791019
831,56.2,1672786136
831,35.29,1672786015
832,55.96,1672868463
832,2.16,1672870434
832,27.32,1672875354
833,3.21,1673227908
833,80.17,1673233215
834,19.97,1673172428
834,45.43,1673169444
834,73.71,1673171468
835,26.03,1672630514
835,32.59,1672633925
835,81.79,1672627371
835,19.01,1672632606
836,89.24,1672993689
836,10.63,1672994947
836,63.01,1672995746
836,63.03,1672989179
837,6.39,1672600093
837,37.33,1672606069
837,52.69,1672608199
837,22.25,1672599464
838,19.87,1673251521
838,15.59,1673260303
839,12.87,1672877303
839,40.4,1672882711
840,42.96,1673279499
840,43.78,1673276235
841,28.98,1672726985
841,86.66,1672733285
841,6.0,1672726930
841,71.61,1672727897
842,61.56,1672855052
842,12.92,1672857631
843,60.23,1673440700
843,85.75,1673440871
843,89.4,1673441131
844,12.91,1672651843
844,70.02,1672657653
844,48.47,1672659427
845,74.27,1672727368
845,31.09,1672723752
845,57.65,1672726876
846,70.31,1672560244
846,66.06,1672563166
846,50.92,1672556783
846,92.48,1672557709
847,86.3,1673360594
847,94.11,1673359108
847,94.6,1673351999
848,95.21,1673268845
848,21.47,1673269503
848,45.61,1673267164
848,38.47,1673271503
849,73.08,1673226420
849,29.46,1673225748
849,4.44,1673226622
850,90.47,1673072064
850,43.49,1673077754
850,40.74,1673074118
851,70.57,1673252745
851,1.51,1673251950
851,70.97,1673256928
852,60.55,1673063013
852,71.66,1673061901
852,87.24,1673061460
853,28.94,1673030883
853,91.43,1673025840
853,74.91,1673027339
854,27.45,1672691698
854,1.44,1672690262
854,31.39,1672695136
855,86.56,1672615548
855,18.43,1672607859
855,19.49,1672616177
855,70.44,1672616877
856,96.14,1673298054
856,21.26,1673296272
857,21.48,1673451897
857,80.33,1673458424
858,51.06,1673016555
858,18.76,1673012328
858,27.51,1673012052
859,95.11,1672900049
859,54.26,1672894508
859,66.52,1672901104
860,49.72,1673156623
860,84.71,1673158227
860,26.64,1673159917
861,41.32,1673069386
861,49.05,1673068167
861,34.81,1673067387
861,57.96,1673067926
862,32.71,1672809344
862,9.25,1672808914
862,99.66,1672810064
862,14.71,1672811859
863,85.62,1673334137
863,96.34,1673342969
864,26.32,1673436190
864,96.1,1673434013
864,44.7,1673442199
865,30.35,1673089081
865,44.09,1673097048
865,65.35,1673095818
865,43.3,1673096272
866,60.86,1672627311
866,93.31,1672619623
867,1.38,1672912722
867,40.88,1672916174
867,41.31,1672909792
868,90.36,1673167034
868,22.2,1673169257
868,15.01,1673166806
869,40.63,1673200163
869,68.39,1673195514
870,79.86,1672719951
870,73.16,1672719405
871,72.37,1672612189
871,19.67,1672609573
871,29.88,1672609204
871,17.9,1672607628
872,46.38,1672890172
872,39.61,1672891815
872,43.71,1672887217
872,89.83,1672890231
873,10.58,1673201078
873,91.03,1673201903
874,6.9,1672783883
874,53.52,1672790580
874,39.76,1672784911
875,79.14,1672798716
875,67.21,1672791479
876,54.48,1673467766
876,5.34,1673461881
877,82.09,1672795488
877,72.46,1672795378
878,6.88,1673171825
878,62.4,1673172760
878,68.74,1673172158
878,82.55,1673170819
879,93.82,1672618210
879,74.03,1672619782
879,2.99,1672620102
880,68.57,1672620367
880,20.24,1672628692
880,70.98,1672626648
880,62.38,1672622589
881,17.37,1673438484
881,87.28,1673443690
881,4.05,1673444458
881,95.06,1673441098
882,61.05,1672633660
882,29.58,1672625447
883,74.16,1673005099
883,5.67,1673007244
883,64.68,1673014764
884,87.81,1673314552
884,97.96,1673311222
884,86.69,1673312827
885,91.53,1672600065
885,2.12,1672607809
886,73.14,1673471318
886,26.49,1673468976
887,88.78,1673166320
887,10.55,1673167456
887,86.35,1673171396
887,21.93,1673168458
888,24.36,1673476376
888,22.08,1673473535
888,30.71,1673469869
888,71.18,1673477199
889,57.79,1672568383
889,38.38,1672571082
889,62.09,1672566041
889,55.4,1672571443
890,57.62,1672890198
890,85.85,1672892053
890,91.44,1672890300
890,22.82,1672887725
891,26.64,1673100471
891,39.81,1673096000
892,28.88,1673119871
892,43.2,1673119953
892,9.18,1673117975
892,81.73,1673118849
893,93.94,1672896554
893,4.73,1672895178
893,48.25,1672893989
894,38.58,1672760499
894,61.03,1672757251
895,67.14,1673220308
895,17.59,1673221996
895,89.38,1673222767
896,29.78,1673315092
896,29.97,1673319791
896,39.72,1673317546
897,26.23,1673233108
897,93.41,1673228518
898,65.61,1672649951
898,63.94,1672646110
898,12.73,1672653929
898,8.54,1672648393
899,6.45,1672816081
899,1.07,1672820941
899,70.12,1672816134
900,32.38,1673430670
900,36.08,1673438793
901,88.08,1672641752
901,83.11,1672647007
902,64.97,1673106748
902,35.42,1673104494
903,76.88,1672800545
903,63.91,1672799583
904,83.3,1672558514
904,40.27,1672553803
904,62.96,1672553174
905,59.69,1672755831
905,91.68,1672746679
906,59.57,1673072195
906,76.39,1673073322
907,73.24,1673495325
907,90.52,1673487152
907,18.68,1673486794
907,17.09,1673490330
908,1.55,1672952861
908,95.47,1672957151
908,4.24,1672956469
909,72.72,1672790358
909,2.93,1672788137
909,36.14,1672790481
910,16.17,1672575155
910,56.94,1672576418
911,65.19,1672777641
911,53.93,1672775992
911,68.01,1672774025
912,42.61,1672862339
912,13.44,1672866480
912,73.62,1672864904
912,34.36,1672866896
913,98.53,1673066654
913,87.11,1673073109
913,24.09,1673068688
914,10.15,1673400058
914,38.81,1673396876
915,70.96,1672724981
915,58.74,1672731483
916,89.31,1672708831
916,93.91,1672705490
916,53.8,1672711165
916,56.72,1672709647
917,49.84,1672706864
917,71.2,1672712781
918,63.78,1673180596
918,22.09,1673175943
919,77.48,1672630917
919,43.08,1672630945
919,51.64,1672635181
919,67.46,1672631252
920,24.94,1673472134
920,31.46,1673463363
920,10.05,1673467270
921,9.86,1672696316
921,18.1,1672695676
921,19.0,1672699098
922,43.34,1673205419
922,58.84,1673207291
923,83.42,1672817377
923,13.32,1672819814
923,65.92,1672818652
923,80.17,1672816152
924,71.58,1672573578
924,49.22,1672567274
925,37.43,1673196693
925,57.77,1673198750
925,23.18,1673204790
925,1.05,1673202856
926,45.5,1672682902
926,67.94,1672679312
927,82.48,1673306165
927,22.41,1673306403
928,13.93,1673483996
928,57.06,1673487989
929,1.17,1673413426
929,92.63,1673415874
930,35.13,1673215134
930,51.12,1673212818
930,43.44,1673217261
930,84.19,1673214246
931,86.86,1673268767
931,13.32,1673276064
931,36.45,1673275824
931,70.39,1673272324
932,90.69,1673216827
932,35.7,1673220743
932,42.42,1673223453
933,6.96,1672954912
933,83.8,1672957447
934,32.67,1673447619
934,69.04,1673451477
934,19.26,1673452251
935,82.16,1672797549
935,20.6,1672792855
935,43.03,1672791954
935,45.17,1672798558
936,24.91,1672960092
936,9.76,1672958411
936,55.82,1672964447
936,32.36,1672957391
937,63.97,1672539562
937,35.36,1672542029
938,80.25,1673233262
938,33.1,1673239228
938,10.26,1673229674
939,60.78,1673441653
939,1.53,1673436869
940,82.37,1673041557
940,38.63,1673049169
940,46.65,1673040674
940,83.18,1673045198
941,73.8,1673086016
941,87.09,1673091979
942,78.83,1672572663
942,64.87,1672571304
942,84.26,1672571412
943,86.04,1673206960
943,60.02,1673210039
943,13.54,1673208367
944,44.61,1673082752
944,5.83,1673087468
945,61.55,1673286540
945,83.15,1673286216
946,66.07,1673028322
946,22.1,1673026638
946,3.83,1673022642
946,77.62,1673027324
947,9.51,1672684529
947,24.72,1672690641
947,56.3,1672684584
948,52.29,1672760748
948,33.51,1672765963
949,13.13,1672941721
949,35.48,1672943111
950,37.85,1673343177
950,42.9,1673346986
950,20.29,1673349950
951,13.75,1672747686
951,88.57,1672748414
952,67.93,1673371919
952,22.48,1673371968
952,10.09,1673372781
953,32.27,1673355679
953,71.21,1673354957
953,24.3,1673352756
953,9.62,1673352947
954,94.76,1672837061
954,42.22,1672842375
954,94.38,1672838649
954,61.31,1672840770
955,5.07,1673380861
955,89.74,1673380282
955,8.62,1673377364
956,13.15,1672949694
956,5.28,1672950767
956,72.86,1672956026
957,57.1,1673395455
957,35.0,1673390725
957,58.0,1673393408
957,80.22,1673395391
958,45.62,1673349368
958,86.58,1673349588
958,77.38,1673351802
959,87.68,1673036337
959,42.91,1673035737
959,65.99,1673032609
959,65.49,1673033801
960,83.04,1672903494
960,40.24,1672901328
960,20.64,1672901276
961,45.28,1673457610
961,27.61,1673454324
961,76.93,1673456170
961,11.66,1673453763
962,74.32,1672737133
962,61.29,1672743460
962,90.24,1672741763
962,22.35,1672738603
963,61.23,1673224124
963,79.57,1673218772
963,81.59,1673214935
964,89.83,1673386728
964,5.9,1673386482
965,45.64,1673391223
965,86.14,1673395694
965,62.74,1673396149
966,40.81,1673058061
966,16.26,1673059615
966,42.47,1673051345
966,41.45,1673057426
967,52.38,1673459065
967,66.54,1673456848
968,42.67,1673094829
968,74.73,1673091686
968,30.39,1673094487
968,69.24,1673095704
969,95.63,1672915098
969,3.98,1672916943
969,19.28,1672918747
970,94.21,1673003872
970,17.85,1672999151
970,15.55,1673001522
970,3.88,1673001825
971,32.62,1673379981
971,34.95,1673384467
972,82.99,1673285630
972,59.4,1673286442
972,93.98,1673287648
973,74.61,1672744815
973,66.57,1672742742
973,56.13,1672740569
974,70.86,1672551078
974,42.46,1672551578
974,13.1,1672555313
975,8.88,1672636771
975,27.16,1672635941
975,6.67,1672638516
976,83.48,1672568376
976,94.91,1672574896
977,20.1,1672758863
977,1.57,1672755682
977,55.91,1672757026
978,81.15,1672630045
978,35.97,1672621912
979,9.87,1673401488
979,64.91,1673401302
979,91.1,1673400989
980,12.97,1673133635
980,31.35,1673134986
980,81.81,1673134689
981,5.25,1672898681
981,37.73,1672896141
981,62.33,1672899171
981,11.55,1672899238
982,39.97,1672620167
982,52.2,1672622758
982,75.64,1672626471
982,22.95,1672625855
983,29.92,1673245163
983,44.61,1673238304
983,61.21,1673238439
984,44.3,1673204069
984,30.96,1673201644
984,87.49,1673202930
985,68.51,1672906860
985,14.15,1672904408
985,74.13,1672911762
985,66.26,1672906771
986,26.82,1672863597
986,66.38,1672859617
986,42.95,1672856767
986,13.4,1672863730
987,13.14,1672867031
987,83.81,1672870976
987,98.41,1672866021
987,65.32,1672873998
988,81.05,1673500559
988,20.89,1673504069
988,83.45,1673501944
989,56.98,1672804827
989,27.04,1672805028
989,90.84,1672805203
989,71.37,1672802625
990,37.64,1672903693
990,58.35,1672896850
990,88.09,1672898484
991,39.09,1672894130
991,8.44,1672892555
991,78.56,1672896338
992,1.5,1673267434
992,26.97,1673266367
992,49.05,1673261415
993,48.74,1673026863
993,57.51,1673020800
994,31.09,1672827765
994,51.49,1672831724
994,76.3,1672831294
994,80.89,1672823687
995,82.53,1673532627
995,25.87,1673533392
995,39.45,1673533320
995,82.01,1673532066
996,88.68,1672940698
996,6.35,1672937628
996,47.0,1672936266
997,90.14,1672799668
997,37.42,1672803596
997,40.34,1672803148
998,77.44,1673363571
998,8.87,1673363153
999,72.87,1672668362
999,56.56,1672671929
1000,29.62,1672937020
1000,54.73,1672942580
1000,97.37,1672937726
1000,4.79,1672944766
